gender,interest,Impressions,Clicks,Spent,min_age,max_age,Result
M,15,7350,1,1.429999948,30,34,1
M,16,17861,2,1.820000023,30,34,1
M,20,693,0,0.0,30,34,1
M,28,4259,1,1.25,30,34,1
M,28,4133,1,1.289999962,30,34,1
M,29,1915,0,0.0,30,34,1
M,15,15615,3,4.769999981,30,34,1
M,16,10951,1,1.269999981,30,34,1
M,27,2355,1,1.5,30,34,1
M,28,9502,3,3.159999967,30,34,1
M,31,1224,0,0.0,30,34,1
M,7,735,0,0.0,30,34,1
M,16,5117,0,0.0,30,34,1
M,16,5120,0,0.0,30,34,1
M,20,14669,7,10.28000021,30,34,1
M,28,1241,0,0.0,30,34,1
M,30,2305,1,0.569999993,30,34,1
M,31,1024,0,0.0,30,34,1
M,15,4627,1,1.690000057,35,39,1
M,16,21026,4,4.630000114,35,39,1
M,15,1422,0,0.0,35,39,1
M,15,7132,2,2.609999895,35,39,1
M,16,12190,2,3.049999952,35,39,1
M,16,12193,2,3.059999943,35,39,1
M,16,3332,0,0.0,35,39,1
M,7,559,0,0.0,35,39,1
M,29,7440,2,2.980000019,35,39,1
M,16,19113,4,5.5200001,40,44,1
M,16,10976,2,1.690000057,40,44,1
M,16,2861,0,0.0,40,44,1
M,15,1398,0,0.0,40,44,1
M,16,23817,7,8.470000148,40,44,1
M,16,47224,12,15.82000017,45,49,1
M,24,2283,1,1.470000029,45,49,1
M,21,2182,1,1.529999971,45,49,1
F,16,2654,0,0.0,30,34,1
F,16,57665,14,18.06999969,30,34,1
F,32,3091,1,1.610000014,30,34,1
F,15,5014,1,1.190000057,30,34,1
F,16,38726,7,9.220000267,30,34,1
F,18,1473,0,0.0,30,34,1
F,27,1186,0,0.0,30,34,1
F,15,5369,1,1.50999999,30,34,1
F,29,22221,7,9.430000067,30,34,1
F,63,1185,0,0.0,30,34,1
F,65,13019,5,6.960000038,30,34,1
F,25,2508,1,1.220000029,35,39,1
F,27,5864,2,2.799999952,35,39,1
F,20,2783,1,1.600000024,35,39,1
F,15,3812,1,1.129999995,40,44,1
F,10,11199,4,5.730000019,45,49,1
F,19,292,0,0.0,45,49,1
F,63,17572,7,9.379999995,45,49,1
F,10,1448,0,0.0,45,49,1
M,10,1772,0,0.0,30,34,1
M,10,13329,4,5.629999995,30,34,1
M,15,13659,3,3.840000033,30,34,1
M,21,739,0,0.0,30,34,1
M,25,605,0,0.0,30,34,1
M,26,1030,0,0.0,30,34,1
M,29,5374,1,1.039999962,30,34,1
M,36,790,0,0.0,30,34,1
M,36,962,0,0.0,30,34,1
M,10,4423,1,1.460000038,35,39,1
M,16,12382,2,2.839999914,35,39,1
M,20,2938,1,1.350000024,35,39,1
M,23,239,0,0.0,35,39,1
M,26,591,0,0.0,35,39,1
M,27,10332,4,5.75,35,39,1
M,28,8259,3,3.980000019,35,39,1
M,29,12158,3,4.449999928,35,39,1
M,29,7709,2,1.320000052,40,44,1
M,36,834,0,0.0,40,44,1
M,18,1299,0,0.0,45,49,1
M,19,371,0,0.0,45,49,1
M,29,10466,3,4.090000033,45,49,1
M,31,839,0,0.0,45,49,1
F,10,5576,1,1.529999971,30,34,1
F,16,4010,0,0.0,30,34,1
F,16,39337,7,10.03000009,30,34,1
F,18,1635,0,0.0,30,34,1
F,18,1631,0,0.0,30,34,1
F,26,13479,3,4.25,30,34,1
F,27,57022,13,20.29000032,30,34,1
F,27,5453,1,1.389999986,30,34,1
F,29,11803,3,4.440000057,30,34,1
F,31,4259,1,1.570000052,30,34,1
F,64,1554,0,0.0,30,34,1
F,64,5323,1,1.289999962,30,34,1
F,10,5024,1,1.409999967,35,39,1
F,16,104648,24,33.33000004,35,39,1
F,22,8504,3,3.340000093,35,39,1
F,27,20277,6,8.050000072,35,39,1
F,29,12403,4,5.210000038,35,39,1
F,32,498,0,0.0,35,39,1
F,36,652,0,0.0,35,39,0
F,63,1357,0,0.0,35,39,1
F,64,1393,0,0.0,35,39,1
F,7,648,0,0.0,40,44,1
F,21,708,0,0.0,40,44,1
F,26,6907,2,2.349999964,40,44,1
F,27,39035,13,19.32999957,40,44,1
F,28,926,0,0.0,40,44,1
F,63,4412,1,1.450000048,40,44,1
F,64,9965,3,4.050000072,40,44,1
F,10,73634,23,32.97999978,45,49,1
F,15,69708,20,31.28999949,45,49,1
F,19,530,0,0.0,45,49,1
F,20,14257,6,8.789999962,45,49,1
F,27,20362,5,9.119999886,45,49,1
F,27,12215,4,6.26000011,45,49,1
F,29,85412,28,38.63999999,45,49,1
M,2,2338,1,0.239999995,30,34,1
M,15,2522,0,0.0,30,34,1
M,16,3587,0,0.0,30,34,1
M,27,1273,0,0.0,30,34,1
M,28,3891,1,1.090000033,30,34,1
M,29,1888,0,0.0,30,34,1
M,29,1895,0,0.0,30,34,1
M,7,715,0,0.0,35,39,1
M,16,11199,2,2.680000067,35,39,1
M,63,5676,2,3.00999999,35,39,1
M,10,1415,0,0.0,40,44,1
M,30,2148,1,1.580000043,40,44,1
M,16,45401,10,14.06000042,45,49,1
M,18,7478,2,2.900000095,45,49,1
M,18,4919,1,1.590000033,45,49,1
M,20,533,0,0.0,45,49,1
M,29,1447,0,0.0,45,49,1
F,16,17553,3,4.590000153,30,34,1
F,20,3343,1,0.540000021,30,34,1
F,23,523,0,0.0,30,34,1
F,26,1873,0,0.0,30,34,1
F,27,34740,7,13.41000009,30,34,1
F,32,658,0,0.0,30,34,1
F,64,1539,0,0.0,30,34,1
F,31,3010,1,0.860000014,35,39,1
F,10,27081,9,10.77000046,40,44,1
F,16,20233,4,5.590000153,40,44,1
F,16,147159,36,58.16000044,40,44,1
F,18,21664,7,10.61999977,40,44,1
F,19,9112,4,5.460000038,40,44,1
F,21,542,0,0.0,40,44,1
F,30,402,0,0.0,40,44,1
F,64,1338,0,0.0,40,44,1
F,10,46150,15,20.17999983,45,49,1
F,16,493821,116,176.3799977,45,49,1
F,16,92011,27,34.39000046,45,49,1
F,18,12956,4,5.49000001,45,49,1
F,19,529,0,0.0,45,49,1
F,24,944,1,1.419999957,45,49,1
F,26,111090,38,51.97000027,45,49,1
M,10,7208,2,3.190000057,30,34,1
M,10,1746,0,0.0,30,34,1
M,15,2474,0,0.0,30,34,1
M,16,12489,2,1.960000038,30,34,1
M,16,8032,1,0.600000024,30,34,1
M,21,472,0,0.0,30,34,1
M,64,792,0,0.0,30,34,1
M,15,4607,1,1.149999976,35,39,1
M,16,13355,2,3.180000067,35,39,1
M,16,2936,0,0.0,35,39,1
M,22,2793,1,0.980000019,35,39,1
M,28,1032,0,0.0,35,39,1
M,29,1662,0,0.0,35,39,1
M,2,4016,2,1.480000049,40,44,1
M,16,14843,3,2.939999938,40,44,1
M,10,9674,3,4.600000024,45,49,1
M,16,12186,2,2.669999957,45,49,1
M,20,673,0,0.0,45,49,1
M,21,370,0,0.0,45,49,1
M,26,450,0,0.0,45,49,1
F,10,2077,0,0.0,30,34,1
F,10,31393,8,10.96000051,30,34,1
F,15,8410,2,2.359999895,30,34,1
F,16,25884,5,7.350000143,30,34,1
F,21,608,0,0.0,30,34,1
F,22,28488,10,9.340000033,30,34,1
F,26,10126,3,4.619999886,30,34,1
F,27,22572,5,8.5,30,34,1
F,27,1955,0,0.0,30,34,1
F,30,493,0,0.0,30,34,1
F,63,1491,0,0.0,30,34,1
F,64,1495,0,0.0,30,34,1
F,21,512,0,0.0,35,39,0
F,25,4868,2,2.420000076,35,39,1
F,26,6585,2,2.950000048,35,39,1
F,27,10164,2,3.720000029,35,39,1
F,29,11182,4,4.449999809,35,39,1
F,63,1238,0,0.0,35,39,1
F,16,34127,8,13.07000017,40,44,1
F,16,29466,7,10.84999967,40,44,1
F,16,38759,9,10.84999967,40,44,1
F,16,41720,10,12.06000006,40,44,1
F,15,18602,5,8.860000134,45,49,1
F,16,83929,21,27.72999954,45,49,1
F,16,25194,6,7.349999905,45,49,1
F,16,78627,19,26.53000045,45,49,1
F,16,102695,25,39.42999983,45,49,1
F,27,82827,24,47.93000031,45,49,1
F,27,9240,3,6.039999962,45,49,1
F,29,7706,2,2.369999886,45,49,1
F,31,7821,4,6.340000153,45,49,1
F,64,1363,0,0.0,45,49,1
F,15,3569,0,0.0,45,49,1
F,16,119063,34,53.21999949,45,49,1
F,16,99078,23,35.79999948,45,49,1
F,16,452398,114,180.2200012,45,49,1
F,10,191223,48,76.41000056,45,49,1
F,10,22216,6,9.549999952,45,49,1
F,10,48291,11,18.01999998,45,49,1
F,63,27559,8,13.37,40,44,1
F,25,10194,4,4.590000033,45,49,1
F,23,1168,0,0.0,45,49,1
F,21,40126,16,25.86000001,45,49,1
F,19,3659,1,0.49000001,45,49,1
M,10,3200,0,0.0,30,34,1
F,29,7550,1,1.679999948,45,49,1
F,28,45397,15,25.41999936,45,49,1
M,16,23086,2,3.310000062,30,34,1
M,16,16425,1,1.549999952,30,34,1
M,16,43756,5,5.439999938,30,34,0
M,16,9982,0,0.0,30,34,1
F,26,175389,55,81.60999787,45,49,1
M,15,7015,0,0.0,30,34,1
F,65,12706,3,4.98999989,45,49,1
F,65,70702,20,31.7099998,45,49,1
F,63,63927,16,25.52000046,45,49,1
F,63,15105,3,4.25999999,45,49,1
F,15,8774,1,1.830000043,30,34,1
F,16,14459,1,1.389999986,30,34,1
F,16,21596,2,2.809999943,30,34,1
F,16,66765,8,11.04999971,30,34,1
F,7,1369,0,0.0,30,34,1
F,10,26910,5,7.229999781,30,34,1
F,2,506,0,0.0,30,34,1
M,63,11988,3,4.269999862,45,49,1
M,64,19353,6,9.4799999,45,49,1
M,29,10960,2,2.890000105,40,44,1
M,15,33491,6,10.56999969,30,34,1
M,15,20083,2,3.200000048,30,34,1
M,16,8817,0,0.0,30,34,1
M,16,15466,1,0.970000029,30,34,1
M,16,27072,3,4.370000005,30,34,1
M,16,15753,1,0.569999993,30,34,1
M,19,3523,1,1.809999943,40,44,1
M,16,7745,0,0.0,40,44,1
M,16,18709,2,3.319999933,40,44,1
M,16,8022,0,0.0,40,44,1
M,10,7966,1,1.179999948,30,34,1
M,10,4132,0,0.0,30,34,1
M,10,12785,3,4.730000019,30,34,1
M,10,8213,1,1.379999995,30,34,1
M,2,545,0,0.0,30,34,1
M,23,2479,1,1.25999999,40,44,1
M,2,3812,2,3.049999952,40,44,1
M,21,1609,0,0.0,45,49,1
M,20,10257,3,3.579999924,45,49,1
M,10,12356,4,6.279999971,40,44,1
M,18,7410,1,1.210000038,45,49,1
M,16,140098,28,46.63000011,45,49,1
M,16,107021,20,34.44000012,45,49,1
M,36,2797,1,1.289999962,35,39,1
M,7,16461,6,9.21999979,45,49,1
M,63,17488,5,7.719999909,40,44,1
M,10,9750,2,1.5,35,39,1
M,36,1136,0,0.0,45,49,1
M,63,4333,1,0.180000007,45,49,1
M,16,6260,0,0.0,35,39,1
M,16,6359,0,0.0,35,39,1
M,63,2383,0,0.0,30,34,1
M,27,11292,3,5.389999866,40,44,1
M,64,12729,4,5.779999852,30,34,1
M,64,1898,0,0.0,30,34,1
M,64,1882,0,0.0,30,34,1
M,65,2883,1,0.99000001,30,34,1
F,7,3989,1,1.279999971,30,34,1
M,29,19603,4,5.279999971,40,44,1
M,24,3047,1,1.379999995,40,44,1
M,24,3029,1,1.049999952,35,39,1
M,26,3490,1,1.340000033,45,49,1
M,28,2479,0,0.0,45,49,1
M,19,19581,7,10.42999983,40,44,1
M,29,19537,5,6.099999905,45,49,1
M,16,59433,12,19.65999949,45,49,1
M,16,157534,33,56.19000077,45,49,1
M,7,1781,0,0.0,40,44,1
M,16,23769,4,6.029999852,40,44,1
M,16,7101,0,0.0,40,44,1
M,64,4726,1,1.830000043,35,39,1
M,19,5209,1,0.959999979,30,34,1
M,18,13473,3,2.619999945,30,34,1
M,2,500,0,0.0,40,44,1
M,20,4616,1,1.360000014,30,34,1
M,31,3279,0,0.0,30,34,1
M,31,3288,0,0.0,30,34,1
M,27,14615,4,6.050000191,35,39,1
M,27,56615,12,19.88000035,30,34,1
M,26,11735,3,4.529999971,30,34,1
M,26,15910,5,6.779999852,30,34,1
M,29,11446,2,3.090000033,35,39,1
M,29,4595,0,0.0,35,39,1
M,29,4871,0,0.0,30,34,1
M,28,3199,0,0.0,35,39,1
M,28,9388,2,3.140000105,30,34,1
M,28,17954,6,7.5400002,30,34,1
F,29,2755,0,0.0,40,44,1
F,27,8152,1,0.99000001,40,44,1
F,27,74542,19,34.1500001,40,44,1
F,20,6699,2,3.090000033,40,44,1
F,20,11911,4,3.959999919,40,44,1
M,29,10090,2,2.650000095,40,44,1
M,32,1273,0,0.0,30,34,1
F,18,24188,5,8.179999828,40,44,1
M,31,2214,0,0.0,30,34,1
M,32,9735,4,4.130000114,40,44,1
M,30,1371,0,0.0,30,34,1
F,22,10750,4,5.389999866,40,44,1
M,29,7629,1,0.720000029,30,34,1
M,29,4608,0,0.0,30,34,1
M,29,3732,0,0.0,35,39,1
M,28,7453,1,1.679999948,30,34,1
F,64,41785,14,19.10000038,35,39,1
M,27,8077,2,3.579999924,35,39,1
F,63,5602,1,1.580000043,35,39,1
M,26,6184,2,2.75,30,34,1
M,26,1738,0,0.0,30,34,1
F,27,112460,25,41.29000068,35,39,1
M,15,4414,0,0.0,40,44,1
F,30,14670,7,9.410000324,35,39,1
F,64,33144,9,13.40999985,30,34,1
M,64,4397,1,0.949999988,45,49,1
M,65,1006,0,0.0,45,49,1
F,10,89527,24,32.28999996,35,39,1
F,15,2459,0,0.0,35,39,1
F,15,7116,2,1.730000019,35,39,1
F,15,8613,1,0.889999986,30,34,1
F,16,9730,1,1.379999995,35,39,1
F,16,51816,8,10.2299999,30,34,1
F,16,27289,3,4.429999828,30,34,1
F,29,20409,4,3.829999924,30,34,1
F,29,8044,1,1.110000014,30,34,1
F,28,15645,4,5.349999905,30,34,1
F,31,2466,0,0.0,30,34,1
M,10,11611,3,3.950000048,45,49,1
M,7,9375,3,4.019999981,45,49,1
F,32,4402,1,1.330000043,30,34,1
F,18,8469,2,3.089999914,30,34,1
F,18,5823,1,1.419999957,30,34,1
M,10,2549,0,0.0,35,39,1
M,16,25817,4,6.019999981,35,39,1
F,20,1961,0,0.0,30,34,1
F,22,2554,0,0.0,30,34,1
F,25,4971,1,1.230000019,30,34,1
F,23,1030,0,0.0,35,39,1
F,29,162341,56,77.07999969,45,49,1
F,29,24542,7,9.329999924,45,49,1
F,65,2879,0,0.0,30,34,1
F,64,13621,3,4.090000033,30,34,1
F,63,6175,1,1.370000005,30,34,1
F,28,2963,0,0.0,30,34,1
F,29,9076,1,1.379999995,30,34,1
F,29,20941,4,5.909999967,30,34,1
F,10,3462,0,0.0,45,49,1
F,26,4073,0,0.0,30,34,1
F,27,3745,0,0.0,30,34,1
F,24,830,0,0.0,30,34,1
F,18,2912,0,0.0,45,49,1
F,18,17167,5,6.910000086,45,49,1
F,22,24491,7,9.539999962,30,34,1
F,22,44699,13,17.30000037,30,34,1
F,23,6469,2,1.309999943,30,34,1
F,16,16053,3,4.079999924,45,49,1
F,16,54724,12,17.92999995,45,49,1
F,21,4706,1,1.220000029,30,34,1
F,32,8316,3,4.569999933,40,44,1
F,22,5794,2,2.269999981,40,44,1
F,18,4813,1,1.029999971,40,44,1
F,10,85285,26,36.13000035,40,44,1
F,10,5839,1,1.370000005,40,44,1
F,15,5859,1,1.539999962,40,44,1
F,16,164118,41,59.06999993,40,44,1
F,63,18234,6,7.810000062,35,39,1
F,64,2755,0,0.0,35,39,1
F,27,73676,20,28.5,35,39,1
F,27,18421,7,10.07999992,35,39,1
F,29,164754,49,67.97999978,35,39,1
F,10,7449,1,1.639999986,35,39,1
F,10,6424,1,0.529999971,35,39,1
M,63,2086,0,0.0,30,34,1
M,16,6016,0,0.0,35,39,1
M,15,6412,1,1.370000005,35,39,1
F,63,5040,1,1.440000057,30,34,1
F,32,1772,0,0.0,30,34,1
F,32,1783,0,0.0,30,34,1
M,20,8200,3,3.919999957,35,39,1
F,26,115896,38,49.44000006,45,49,1
F,16,10186,1,1.230000019,35,39,1
M,20,9134,3,4.180000067,30,34,1
M,20,3385,1,1.440000057,30,34,1
F,21,1314,0,0.0,45,49,1
M,18,2916,0,0.0,30,34,1
M,18,6142,1,1.330000043,30,34,1
F,20,1984,0,0.0,30,34,1
M,24,9142,3,3.749999881,30,34,1
M,24,5475,2,2.730000019,30,34,1
F,18,8254,2,2.320000052,30,34,1
F,18,5704,1,1.320000052,30,34,1
F,16,7301,0,0.0,30,34,1
F,16,37873,5,6.169999957,30,34,1
F,16,25267,4,4.940000057,30,34,1
F,30,535,0,0.0,30,34,1
M,29,3396,0,0.0,30,34,1
M,26,977,0,0.0,30,34,1
F,63,12318,5,6.340000153,40,44,1
F,28,4783,1,0.860000014,30,34,1
F,29,6475,1,1.350000024,30,34,1
F,16,104578,29,39.25000095,45,49,1
F,10,33664,11,12.51000035,45,49,1
F,20,979,0,0.0,40,44,1
F,28,7337,3,4.079999924,40,44,1
M,10,2499,0,0.0,30,34,1
F,27,11244,3,4.550000191,40,44,1
M,15,4827,0,0.0,30,34,1
F,29,29035,7,8.910000086,35,39,1
F,30,761,0,0.0,35,39,1
F,26,6532,1,1.610000014,35,39,1
F,10,11537,3,4.300000191,40,44,1
F,10,12183,3,2.869999945,40,44,1
F,64,5912,1,1.559999943,35,39,1
M,10,4012,1,1.570000052,30,34,1
M,16,12396,2,3.210000038,30,34,1
M,16,3142,0,0.0,30,34,1
M,18,1120,0,0.0,30,34,1
M,20,343,0,0.0,30,34,1
M,15,1720,0,0.0,30,34,1
M,16,3423,0,0.0,30,34,1
M,16,3242,0,0.0,30,34,1
M,16,15720,1,1.379999995,30,34,1
M,10,1217,0,0.0,30,34,1
M,20,2367,2,2.839999914,40,44,1
M,16,6607,1,1.320000052,35,39,1
M,64,616,0,0.0,30,34,1
M,16,5537,1,1.519999981,45,49,1
M,15,818,0,0.0,45,49,1
M,21,1909,1,0.980000019,45,49,1
M,21,351,0,0.0,30,34,1
M,22,572,0,0.0,45,49,1
M,36,1884,1,1.409999967,40,44,1
M,30,219,0,0.0,30,34,1
M,32,540,0,0.0,30,34,1
M,32,550,0,0.0,30,34,1
M,26,465,0,0.0,30,34,1
M,29,1761,0,0.0,30,34,1
M,65,152,0,0.0,30,34,1
M,65,152,0,0.0,30,34,1
M,64,429,0,0.0,30,34,1
M,29,1514,0,0.0,30,34,1
M,28,7780,3,4.329999924,30,34,1
M,28,460,0,0.0,35,39,1
M,28,471,0,0.0,35,39,1
M,28,2633,1,1.070000052,35,39,1
M,27,199,0,0.0,30,34,1
M,32,398,0,0.0,35,39,1
M,24,246,0,0.0,30,34,1
M,10,2967,1,1.5,40,44,1
M,36,255,0,0.0,45,49,1
F,7,457,0,0.0,30,34,1
F,10,5517,1,1.230000019,30,34,1
F,10,1539,0,0.0,30,34,1
F,16,3189,0,0.0,30,34,1
F,16,3348,0,0.0,30,34,1
F,16,20050,4,4.659999847,30,34,1
M,16,2254,0,0.0,45,49,1
M,16,5894,1,1.539999962,45,49,1
M,16,9948,2,2.720000029,35,39,1
F,26,5307,3,4.289999962,45,49,1
F,22,4621,2,3.25,35,39,1
F,18,784,0,0.0,35,39,1
F,16,5775,1,1.580000043,35,39,1
F,16,9297,2,2.619999886,35,39,1
F,15,699,0,0.0,35,39,1
F,10,1104,0,0.0,35,39,1
F,64,3717,1,1.539999962,30,34,1
F,28,2879,1,1.590000033,30,34,1
F,28,2749,1,1.389999986,30,34,1
F,10,24028,9,12.39000034,45,49,1
F,29,1118,0,0.0,30,34,1
F,26,1083,0,0.0,30,34,1
F,27,843,0,0.0,30,34,1
F,25,2983,1,0.970000029,30,34,1
F,25,696,0,0.0,30,34,1
F,16,7589,2,3.150000095,45,49,1
F,16,20997,10,11.94999981,45,49,1
F,16,4617,1,1.360000014,45,49,1
F,20,259,0,0.0,45,49,1
F,18,1134,0,0.0,30,34,1
F,27,357,0,0.0,40,44,1
F,10,848,0,0.0,40,44,1
F,10,3149,1,1.480000019,40,44,1
F,2,87,0,0.0,40,44,1
F,27,2563,1,1.480000019,35,39,1
F,10,1107,0,0.0,35,39,1
F,64,10677,5,7.269999981,45,49,1
F,22,2189,1,0.409999996,35,39,1
F,27,3277,2,2.680000067,45,49,1
F,26,781,0,0.0,45,49,1
F,16,2226,0,0.0,35,39,1
F,16,16274,4,6.079999924,35,39,1
F,20,2077,1,1.50999999,45,49,1
F,20,529,0,0.0,30,34,0
F,20,487,0,0.0,30,34,1
F,20,4626,2,2.099999905,30,34,1
F,28,2764,1,1.559999943,30,34,1
F,10,5447,2,2.960000038,45,49,1
F,16,28169,8,12.36999989,40,44,1
F,27,415,0,0.0,40,44,1
F,29,810,0,0.0,35,39,1
M,10,1194718,141,254.049996,30,34,1
M,10,637648,67,122.4,30,34,1
M,10,24362,0,0.0,30,34,1
M,10,459690,50,86.33000112,30,34,1
M,10,750060,86,161.9099991,30,34,1
M,15,30068,1,1.820000052,30,34,1
M,15,1267550,123,236.7699986,30,34,1
M,15,3052003,340,639.9499981,30,34,1
M,15,29945,1,1.590000033,30,34,1
M,15,357856,30,52.97000015,30,34,1
M,16,2080666,202,360.1500015,30,34,1
M,16,145999,9,16.5200001,30,34,1
M,16,32616,1,1.539999962,30,34,1
M,16,984521,95,163.8999972,30,34,1
M,18,880814,123,210.3600006,30,34,1
M,18,182452,20,35.73000026,30,34,1
M,18,894911,120,215.8399994,30,34,1
M,18,31349,2,3.800000072,30,34,1
M,19,410310,55,96.80000055,30,34,1
M,19,572450,89,157.329998,30,34,1
M,19,98759,15,26.56999946,30,34,1
M,19,345371,54,93.08999991,30,34,1
M,20,323899,46,78.9200002,30,34,1
M,20,399199,58,103.1500002,30,34,1
M,20,171202,22,36.53000021,30,34,1
M,20,128386,15,28.85000002,30,34,1
M,20,1034284,152,257.7099986,30,34,1
M,20,45923,5,7.220000148,30,34,1
M,21,40873,4,7.899999976,30,34,1
M,21,286553,34,62.06000042,30,34,1
M,21,20618,1,2.099999905,30,34,1
M,21,83591,7,14.14000046,30,34,1
M,21,114923,12,23.73000026,30,34,1
M,22,25002,1,1.710000038,30,34,1
M,22,68905,5,9.440000057,30,34,1
M,22,169588,16,27.79999924,30,34,1
M,22,328991,35,67.65000057,30,34,1
M,23,23198,2,2.980000019,30,34,1
M,23,26890,2,3.24000001,30,34,1
M,23,221695,31,52.26000011,30,34,1
M,24,88443,7,13.0400002,30,34,1
M,24,187856,23,38.38999975,30,34,1
M,25,570699,80,138.7699997,30,34,1
M,25,1063508,145,260.3800013,30,34,1
M,25,50523,6,8.549999952,30,34,1
M,26,87935,9,15.63000023,30,34,1
M,26,278225,33,60.19999957,30,34,1
M,26,209461,20,34.19000006,30,34,1
M,26,26316,2,3.24000001,30,34,1
M,27,41030,3,5.140000105,30,34,1
M,27,876671,120,216.5599982,30,34,1
M,27,399392,53,93.07000041,30,34,1
M,27,283858,30,56.05999923,30,34,1
M,27,260699,31,54.09999871,30,34,1
M,28,57781,5,7.800000072,30,34,1
M,28,38757,3,5.220000029,30,34,1
M,28,1392288,206,358.5500029,30,34,1
M,28,1109387,159,280.9899995,30,34,1
M,29,581281,65,115.1200008,30,34,1
M,29,1048861,128,219.770002,30,34,1
M,29,297452,30,52.01999986,30,34,1
M,29,227925,22,35.30999994,30,34,1
M,29,374175,38,63.32000101,30,34,1
M,30,223586,32,54.24000037,30,34,1
M,30,283170,39,65.22999996,30,34,1
M,30,41636,3,4.210000038,30,34,1
M,30,198658,30,48.60999978,30,34,1
M,31,100596,10,13.91999972,30,34,1
M,31,64020,5,11.0599997,30,34,1
M,31,14289,0,0.0,30,34,1
M,32,404866,43,87.42000079,30,34,1
M,32,22256,1,1.659999967,30,34,1
M,32,57690,4,6.74000001,30,34,1
M,36,24952,5,8.220000267,30,34,1
M,36,38900,3,5.580000043,30,34,1
M,36,53520,6,9.2299999,30,34,1
M,36,181683,20,34.22999972,30,34,1
M,36,29185,2,3.149999976,30,34,1
M,36,105047,13,20.2099994,30,34,1
M,63,287976,31,59.43999982,30,34,1
M,63,212175,22,38.58999968,30,34,1
M,63,11139,0,0.0,30,34,1
M,63,124005,11,21.84999979,30,34,1
M,63,20423,1,1.960000038,30,34,1
M,64,103001,14,22.32000005,30,34,1
M,64,447420,66,110.2399991,30,34,1
M,64,156101,19,29.75000048,30,34,1
M,64,93015,12,18.47000015,30,34,1
M,65,145398,23,36.24000025,30,34,1
M,65,296413,50,76.43999958,30,34,1
M,2,9370,0,0.0,30,34,1
M,2,63785,7,11.80000019,30,34,1
M,2,118522,14,26.81999981,30,34,1
M,2,240123,38,65.67000115,30,34,1
M,7,169108,20,32.24000025,30,34,1
M,7,1044442,142,245.5999999,30,34,1
M,7,93891,11,17.6400001,30,34,1
M,7,185823,25,38.54999936,30,34,1
M,66,175631,23,40.75999951,30,34,1
M,66,37187,4,6.370000005,30,34,1
M,66,10991,0,0.0,30,34,1
M,66,344618,51,89.76000047,30,34,1
M,10,98066,9,16.1500001,35,39,1
M,10,770749,100,189.1299984,35,39,1
M,10,52553,5,8.529999852,35,39,1
M,10,362296,39,67.77000129,35,39,1
M,10,427729,50,96.8999989,35,39,1
M,15,180351,21,37.13000011,35,39,1
M,15,187329,29,53.15999961,35,39,1
M,15,782894,118,192.9299995,35,39,1
M,16,1206533,128,236.1199988,35,39,1
M,16,84494,7,12.57000017,35,39,1
M,16,94257,7,12.5800004,35,39,1
M,18,131060,16,28.04999959,35,39,1
M,18,341603,50,83.48000121,35,39,1
M,18,140749,19,30.4799999,35,39,1
M,18,102525,13,20.29999983,35,39,1
M,19,447952,68,131.5799983,35,39,1
M,19,76355,9,14.62999988,35,39,1
M,20,256598,38,64.46999931,35,39,1
M,20,127476,21,30.15000057,35,39,1
M,20,237603,37,62.25000024,35,39,1
M,21,271091,42,78.03999984,35,39,1
M,21,21743,2,3.400000095,35,39,1
M,22,88970,10,14.8300004,35,39,1
M,22,108362,13,22.42999983,35,39,1
M,22,188596,27,44.14000034,35,39,1
M,22,275080,43,69.65999997,35,39,1
M,23,64647,10,16.26999998,35,39,1
M,23,31265,4,5.789999902,35,39,1
M,23,140147,24,42.08000016,35,39,1
M,23,223120,40,67.66999984,35,39,1
M,23,104869,18,34.07000089,35,39,1
M,24,165177,23,41.71999967,35,39,1
M,24,84194,11,19.56999981,35,39,1
M,24,220581,31,57.37,35,39,1
M,25,75804,10,17.36999965,35,39,1
M,25,368986,59,100.289999,35,39,0
M,25,28194,3,3.709999919,35,39,1
M,26,99961,14,23.2099998,35,39,1
M,26,7573,0,0.0,35,39,1
M,27,685781,103,177.8899992,35,39,1
M,27,274222,43,66.7700001,35,39,1
M,27,110503,25,32.67999995,35,39,1
M,28,1447755,233,420.5799983,35,39,1
M,28,358987,52,87.55000067,35,39,1
M,28,826205,125,232.3700008,35,39,1
M,28,550954,84,150.1400012,35,39,1
M,28,378350,55,96.48000073,35,39,1
M,29,492784,56,95.5100013,35,39,1
M,29,327158,43,72.3100003,35,39,1
M,29,9921,0,0.0,35,39,1
M,29,59390,5,9.209999919,35,39,1
M,29,1040330,147,254.2500038,35,39,1
M,30,49422,6,11.17000031,35,39,1
M,30,131091,18,34.23000026,35,39,1
M,30,95691,15,25.26000011,35,39,1
M,31,15513,1,1.289999962,35,39,1
M,32,382537,63,113.9900012,35,39,1
M,32,461356,64,121.0999982,35,39,1
M,32,392541,53,98.70000017,35,39,1
M,36,35088,5,8.800000072,35,39,1
M,36,53933,6,9.929999948,35,39,1
M,63,228861,33,53.38999939,35,39,1
M,63,20959,2,3.769999981,35,39,1
M,64,24992,2,3.190000057,35,39,1
M,64,100351,15,24.17999995,35,39,1
M,64,292448,43,76.89999968,35,39,1
M,64,65060,7,14.5200001,35,39,1
M,64,133316,21,36.17000055,35,39,1
M,65,113501,26,38.44000077,35,39,1
M,65,192810,41,61.92999995,35,39,1
M,2,233404,43,70.4100008,35,39,1
M,2,128843,24,37.5999999,35,39,1
M,2,63564,12,20.59000027,35,39,1
M,2,85970,14,24.78000021,35,39,1
M,7,131232,16,29.53999937,35,39,1
M,7,152454,22,37.84999979,35,39,1
M,7,28989,2,2.290000021,35,39,1
M,66,80248,15,24.1900003,35,39,1
M,66,38580,5,8.519999981,35,39,1
M,10,621591,91,163.36,40,44,1
M,10,250499,36,58.14000005,40,44,1
M,10,131637,18,29.30999982,40,44,1
M,10,463813,69,116.3399996,40,44,1
M,10,211767,35,60.89999914,40,44,1
M,15,163181,26,40.02000093,40,44,1
M,16,1117385,147,260.0699984,40,44,1
M,16,1663441,205,359.4700001,40,44,1
M,16,455248,54,105.7099996,40,44,1
M,16,75589,6,10.66000009,40,44,1
M,16,594267,82,143.3000009,40,44,1
M,16,315281,35,65.02999854,40,44,1
M,19,363456,71,117.5599997,40,44,1
M,19,438983,81,143.4300001,40,44,1
M,19,42563,5,9.659999847,40,44,1
M,20,399035,75,124.7999995,40,44,1
M,20,304680,59,98.55000019,40,44,1
M,20,140596,23,40.77000022,40,44,1
M,20,439986,80,134.8799999,40,44,1
M,20,75803,11,19.3599999,40,44,1
M,21,7073,0,0.0,40,44,1
M,22,153586,28,43.01000035,40,44,1
M,22,180815,31,42.62999976,40,44,1
M,22,253169,51,75.78999984,40,44,1
M,22,34453,5,7.710000038,40,44,1
M,23,51550,8,14.03999984,40,44,1
M,23,110018,24,39.85999966,40,44,1
M,24,137584,21,36.77999961,40,44,1
M,24,209825,30,54.86999953,40,44,1
M,25,264222,63,87.7899996,40,44,1
M,26,31202,5,6.730000019,40,44,1
M,27,252991,49,76.83999932,40,44,1
M,27,56265,9,15.53999972,40,44,1
M,29,76923,11,17.67000008,40,44,1
M,29,209332,30,49.60000014,40,44,1
M,29,214094,31,53.26999903,40,44,1
M,29,526209,85,126.9299996,40,44,1
M,29,741143,120,179.620001,40,44,1
M,29,172827,25,38.42000043,40,44,1
M,30,188873,38,58.5999999,40,44,1
M,30,123126,25,39.72999978,40,44,1
M,31,77794,14,19.11000001,40,44,1
M,32,56630,9,15.81000018,40,44,1
M,32,400844,85,140.9700022,40,44,1
M,32,208572,36,60.76000023,40,44,1
M,36,59004,8,13.51000011,40,44,1
M,36,196253,32,55.10000002,40,44,1
M,63,51858,8,12.63000011,40,44,1
M,63,280764,49,81.36000025,40,44,1
M,64,63660,11,16.47000003,40,44,1
M,64,109289,19,31.02999997,40,44,1
M,65,188440,40,60.72999966,40,44,1
M,2,212496,44,74.83000135,40,44,1
M,2,32574,5,7.480000019,40,44,1
M,2,128595,23,36.4800005,40,44,1
M,7,242234,48,68.06000054,40,44,1
M,66,33154,5,7.879999995,40,44,1
M,66,9773,1,1.460000038,40,44,1
M,10,464036,77,123.5500004,45,49,1
M,10,478480,75,135.7500012,45,49,1
M,10,428812,66,116.8800001,45,49,1
M,10,1177535,221,365.6600009,45,49,1
M,10,426500,72,128.2799988,45,49,1
M,15,54237,7,10.77999985,45,49,1
M,15,506916,89,133.6999986,45,49,1
M,15,250960,42,64.87999952,45,49,1
M,16,2286228,353,603.380002,45,49,1
M,16,915451,125,220.559999,45,49,1
M,16,159478,20,33.89999998,45,49,1
M,16,1228924,190,318.9700032,45,49,1
M,16,938283,134,248.6400001,45,49,1
M,18,154572,26,40.93000007,45,49,1
M,18,378171,70,109.2500008,45,49,1
M,18,468749,84,134.1199975,45,49,1
M,19,309823,60,103.3899996,45,49,1
M,19,327227,65,116.5599996,45,49,1
M,19,334945,72,120.2999994,45,49,1
M,19,68859,15,25.45999968,45,49,1
M,20,127125,20,35.67999983,45,49,1
M,20,415798,80,131.7800006,45,49,1
M,20,107671,20,29.91000021,45,49,1
M,20,164356,28,46.7900002,45,49,1
M,20,17662,2,3.189999938,45,49,1
M,21,65339,10,16.67999983,45,49,1
M,21,59838,7,11.11000013,45,49,1
M,21,381577,81,127.5699993,45,49,1
M,22,45491,8,11.00999999,45,49,1
M,23,18946,2,3.599999905,45,49,1
M,23,114370,18,33.65999997,45,49,1
M,23,99698,21,33.3499999,45,49,1
M,24,355165,81,128.6099997,45,49,1
M,25,101431,23,33.93000031,45,49,1
M,25,123151,24,36.4400003,45,49,1
M,26,24078,4,5.769999981,45,49,1
M,27,517801,105,181.7200011,45,49,1
M,27,145104,25,41.42000008,45,49,1
M,27,179950,35,58.67999971,45,49,1
M,27,258531,46,80.33999979,45,49,1
M,27,272500,62,104.4599996,45,49,1
M,28,273197,57,87.7300005,45,49,1
M,28,775904,172,253.990002,45,49,1
M,28,120251,26,39.44000006,45,49,1
M,28,139406,24,39.04999948,45,49,1
M,28,60314,11,16.93999958,45,49,1
M,29,563074,86,142.7099985,45,49,1
M,29,168655,18,27.29999983,45,49,1
M,29,111963,17,29.3799994,45,49,1
M,29,1026304,168,277.5799986,45,49,1
M,29,1391924,258,422.8400038,45,49,1
M,29,147551,22,38.50000083,45,49,1
M,31,66794,9,17.3299998,45,49,1
M,31,118882,19,32.30999994,45,49,1
M,31,148010,24,41.96999943,45,49,1
M,32,932890,197,352.4499989,45,49,1
M,32,718359,147,264.5899997,45,49,1
M,32,433658,82,158.5999998,45,49,1
M,32,29455,3,4.769999981,45,49,1
M,36,23973,3,4.820000052,45,49,1
M,63,126480,25,37.25999999,45,49,1
M,63,138959,28,39.5200007,45,49,1
M,63,68829,12,19.47999978,45,49,1
M,64,49916,10,16.38,45,49,1
M,65,76014,16,22.67000031,45,49,1
M,2,50947,10,15.99000025,45,49,1
M,66,55536,11,17.04999995,45,49,1
F,10,318042,46,64.40999997,30,34,1
F,10,213016,30,44.21999955,30,34,1
F,15,182265,27,38.18000007,30,34,1
F,15,1117371,177,268.050002,30,34,1
F,15,333345,52,77.59000027,30,34,1
F,16,275930,30,46.77999997,30,34,1
F,16,740631,101,153.1199975,30,34,1
F,16,328272,35,55.99000025,30,34,1
F,16,178455,20,31.5400002,30,34,1
F,16,705712,98,147.339999,30,34,1
F,18,690373,91,159.5700021,30,34,1
F,18,515812,69,117.6299995,30,34,1
F,18,764793,101,171.9799976,30,34,1
F,19,87832,11,18.10000038,30,34,1
F,19,23368,3,4.300000191,30,34,1
F,19,51509,7,11.57000005,30,34,1
F,19,87043,16,24.48000002,30,34,1
F,19,565565,113,169.6699982,30,34,1
F,20,253758,43,62.14000034,30,34,1
F,20,319131,51,76.68000025,30,34,1
F,20,670608,130,195.1499978,30,34,1
F,21,159123,25,38.36000013,30,34,1
F,21,103709,15,24.56999969,30,34,1
F,21,271589,45,74.41000032,30,34,1
F,21,119772,20,33.46999907,30,34,1
F,22,26340,3,4.220000029,30,34,1
F,22,594968,111,147.6700006,30,34,1
F,23,6838,0,0.0,30,34,1
F,24,185665,39,62.14000058,30,34,1
F,24,24959,3,4.560000062,30,34,1
F,24,136967,23,35.05999982,30,34,1
F,24,107548,19,29.31000018,30,34,1
F,25,588617,119,169.9199973,30,34,1
F,26,190560,26,41.63,30,34,1
F,26,373110,49,75.70000076,30,34,1
F,27,935646,170,256.4699982,30,34,1
F,27,2223278,421,612.3000032,30,34,1
F,27,240497,36,51.84000087,30,34,1
F,27,259984,37,54.7900002,30,34,1
F,28,606786,127,179.050001,30,34,1
F,28,83270,13,17.74000001,30,34,1
F,28,1189509,268,375.7199963,30,34,1
F,28,11471,1,1.570000052,30,34,0
F,29,1705246,295,429.4799981,30,34,1
F,29,418016,63,95.8500005,30,34,1
F,29,30155,3,3.819999933,30,34,1
F,29,990404,153,226.5399992,30,34,1
F,30,187468,34,50.72000062,30,34,1
F,30,208301,33,54.57000089,30,34,1
F,30,101856,16,25.22000039,30,34,1
F,31,48935,7,9.970000267,30,34,1
F,31,13911,1,1.730000019,30,34,1
F,32,511726,77,123.0900019,30,34,1
F,32,177452,24,37.83000016,30,34,1
F,32,149808,20,33.03999937,30,34,1
F,32,390339,60,105.0199997,30,34,1
F,32,8350,0,0.0,30,34,1
F,36,39339,4,5.929999948,30,34,1
F,63,8587,0,0.0,30,34,1
F,63,24893,2,3.75,30,34,1
F,63,1296189,212,343.2599944,30,34,1
F,63,91607,12,19.1899997,30,34,1
F,64,238036,38,61.02999771,30,34,1
F,64,254344,35,56.16999996,30,34,1
F,64,157705,23,39.23000026,30,34,1
F,64,411571,60,99.1799984,30,34,1
F,64,94136,11,16.17999971,30,34,1
F,65,82640,16,23.97000039,30,34,1
F,65,17870,2,2.620000005,30,34,1
F,2,19178,2,2.779999971,30,34,1
F,2,5264,0,0.0,30,34,1
F,2,145548,28,42.37000036,30,34,1
F,2,82455,15,22.04999971,30,34,1
F,7,44189,7,10.31999981,30,34,1
F,7,45199,7,9.809999943,30,34,1
F,7,221843,43,63.45000076,30,34,1
F,66,41672,6,10.54999995,30,34,1
F,10,127546,25,38.94000041,35,39,1
F,10,127865,28,38.02999961,35,39,1
F,10,1025327,229,314.2999983,35,39,1
F,10,561415,124,173.76,35,39,1
F,15,132803,25,37.32000124,35,39,1
F,15,24664,2,2.629999995,35,39,1
F,16,1020561,172,263.8100007,35,39,1
F,16,682143,114,177.1099993,35,39,1
F,16,1247717,222,343.4199994,35,39,1
F,16,146406,23,33.22999942,35,39,1
F,16,905699,161,234.6599982,35,39,1
F,16,1184580,194,297.8299981,35,39,1
F,18,98057,20,31.00999963,35,39,1
F,19,238735,56,84.65999889,35,39,1
F,19,320657,77,115.8800026,35,39,1
F,21,244074,57,84.51000023,35,39,1
F,21,39146,8,13.05999959,35,39,1
F,22,78468,15,23.64999962,35,39,1
F,22,325653,63,89.35000026,35,39,1
F,22,66277,12,17.30000019,35,39,1
F,22,93002,16,23.33999968,35,39,1
F,24,109723,27,40.9600004,35,39,1
F,24,118941,35,50.11000001,35,39,1
F,25,221576,47,66.79000068,35,39,1
F,25,8341,1,1.639999986,35,39,1
F,25,120335,26,36.2299993,35,39,1
F,26,182098,40,62.86999989,35,39,1
F,26,227473,52,71.58000052,35,39,1
F,27,1050947,230,350.5099957,35,39,1
F,27,720859,162,213.6899986,35,39,1
F,28,41111,8,10.96000016,35,39,1
F,29,148616,25,37.39999962,35,39,1
F,29,707260,135,210.8200028,35,39,1
F,29,139596,26,42.41000032,35,39,1
F,30,105399,22,33.19999933,35,39,1
F,32,222378,50,72.91000104,35,39,1
F,63,975792,210,293.8800011,35,39,1
F,63,579150,125,167.0499997,35,39,1
F,63,449588,81,123.800001,35,39,1
F,63,318157,56,85.70000196,35,39,1
F,63,196967,43,65.17999971,35,39,1
F,64,158298,37,46.43000007,35,39,1
F,64,222739,55,68.55999959,35,39,1
F,2,20780,5,8.189999938,35,39,1
F,7,128616,33,48.54999948,35,39,1
F,10,258954,61,82.27999902,40,44,1
F,10,205289,48,71.53000104,40,44,1
F,10,611601,138,191.419996,40,44,1
F,10,947657,233,321.8700004,40,44,1
F,10,233043,49,65.03000033,40,44,1
F,15,582725,142,194.8099988,40,44,1
F,16,265038,51,78.45999932,40,44,1
F,16,222273,39,53.62999868,40,44,1
F,16,797234,170,243.7699978,40,44,1
F,16,925555,182,262.8899981,40,44,1
F,18,22210,3,4.050000191,40,44,1
F,21,46391,11,16.40999985,40,44,1
F,21,190477,42,66.38999987,40,44,1
F,21,25382,7,9.609999895,40,44,1
F,22,65726,17,22.12000012,40,44,1
F,23,195220,51,78.06000042,40,44,1
F,23,107501,27,40.87999928,40,44,1
F,25,197772,63,88.21000016,40,44,1
F,25,138154,35,48.93999863,40,44,1
F,25,270124,69,95.84999895,40,44,1
F,26,303971,77,106.9299998,40,44,1
F,26,682046,183,254.419997,40,44,1
F,26,328365,83,117.3400005,40,44,1
F,27,1083259,276,390.2599992,40,44,1
F,27,913929,245,340.4099993,40,44,1
F,28,101586,24,33.47000039,40,44,1
F,28,181053,46,66.27999985,40,44,1
F,28,133419,35,48.18000007,40,44,1
F,29,489573,113,156.1199993,40,44,1
F,29,822023,194,288.3300035,40,44,1
F,30,93176,29,40.37000024,40,44,1
F,31,47229,13,19.27999985,40,44,1
F,31,92263,24,34.03000015,40,44,1
F,31,81551,21,29.67000008,40,44,1
F,32,141037,32,47.78999913,40,44,1
F,32,319501,79,111.6500003,40,44,0
F,36,72741,19,24.33000016,40,44,1
F,63,597419,135,188.5100002,40,44,1
F,63,98768,21,33.14000034,40,44,1
F,64,173165,41,59.85000026,40,44,1
F,65,55823,13,21.10999966,40,44,1
F,65,118451,28,38.35000062,40,44,1
F,2,74424,22,30.84000027,40,44,1
F,7,47929,12,14.58999991,40,44,1
F,7,40801,12,15.91999972,40,44,0
F,66,66017,17,24.22000015,40,44,1
F,10,725043,179,238.4000007,45,49,1
F,10,382776,97,132.7300007,45,49,1
F,10,548250,137,201.6000042,45,49,1
F,10,1358324,346,465.0799981,45,49,1
F,15,662249,163,234.9399992,45,49,1
F,15,559554,139,195.0799994,45,49,1
F,16,320757,68,104.6899989,45,49,1
F,16,906151,202,295.5499957,45,49,1
F,16,699314,164,226.0300014,45,49,1
F,16,850337,198,287.690003,45,49,1
F,16,1015460,247,315.9000051,45,49,1
F,18,890295,227,332.9899989,45,49,1
F,18,791817,194,282.490001,45,49,1
F,18,317601,76,115.6600008,45,49,1
F,18,685211,164,247.3200026,45,49,1
F,19,32781,7,11.20000017,45,49,1
F,19,76785,19,25.45999998,45,49,1
F,19,719083,206,299.5299983,45,49,1
F,20,368480,107,140.4200011,45,49,1
F,20,260945,73,100.8800011,45,49,1
F,21,40998,10,13.35000038,45,49,1
F,21,183293,53,73.74999964,45,49,1
F,22,221561,55,76.75999916,45,49,1
F,22,436943,109,145.8199974,45,49,1
F,23,284488,90,125.2700011,45,49,1
F,24,85083,32,38.62999976,45,49,1
F,24,14167,5,7.139999986,45,49,1
F,25,300637,84,116.9899981,45,49,1
F,25,449921,129,175.9700005,45,49,1
F,25,282899,71,105.6600007,45,49,1
F,26,669671,186,259.1799988,45,49,1
F,26,108655,28,46.92000186,45,49,1
F,26,536248,146,187.7399978,45,49,1
F,27,1055017,265,380.6599952,45,49,1
F,27,1428421,367,541.7000023,45,49,1
F,27,1088027,272,409.5600026,45,49,1
F,28,288517,78,102.3900002,45,49,1
F,28,202231,53,67.13000107,45,49,1
F,28,73222,16,22.86000025,45,49,1
F,28,348542,96,134.889999,45,49,1
F,29,1097966,266,369.069997,45,49,1
F,29,526923,138,198.0899972,45,49,1
F,29,264386,66,91.00000054,45,49,1
F,29,854940,227,297.9100007,45,49,1
F,30,113567,34,50.29000044,45,49,1
F,30,22859,6,9.419999838,45,49,1
F,31,51754,13,20.51999998,45,49,1
F,31,104347,28,38.13999993,45,49,1
F,63,391998,97,142.0500025,45,49,1
F,63,1111156,282,402.3000026,45,49,1
F,63,427772,117,159.299999,45,49,1
F,64,536457,136,193.6599991,45,49,1
F,64,179894,43,66.83999872,45,49,1
F,64,479882,131,178.6700007,45,49,1
F,64,358261,91,130.3600011,45,49,1
F,65,346688,88,114.8599998,45,49,1
M,100,33445,2,3.199999928,30,34,1
M,101,72228,5,7.529999852,30,34,1
M,102,49699,2,2.690000057,30,34,1
M,103,189761,18,27.32999969,30,34,1
M,105,312524,37,53.78999972,30,34,1
M,107,496760,42,61.00999904,30,34,1
M,110,310988,34,46.66999936,30,34,1
M,111,98606,9,12.10999984,30,34,1
M,112,51104,2,3.199999928,30,34,1
M,113,276762,22,32.09000015,30,34,1
M,101,33534,2,2.960000038,35,39,1
M,102,128859,16,23.69999957,35,39,1
M,103,92080,12,16.94000018,35,39,1
M,105,211882,33,46.64999926,35,39,1
M,107,112776,9,12.67999995,35,39,1
M,108,145324,14,19.82000005,35,39,1
M,109,106492,14,21.26000023,35,39,1
M,110,233845,30,40.73000062,35,39,1
M,112,155426,17,25.01000023,35,39,1
M,113,97540,8,11.5199995,35,39,1
M,114,61441,5,7.700000048,35,39,1
M,100,76703,9,12.14999962,40,44,1
M,101,68619,10,14.96000034,40,44,1
M,104,17559,1,1.49000001,40,44,1
M,105,137879,19,28.47000003,40,44,1
M,106,67710,10,15.14999998,40,44,1
M,107,348180,41,60.22999907,40,44,1
M,108,146246,18,28.71999955,40,44,1
M,110,187236,24,34.86999965,40,44,1
M,111,72157,9,13.50000036,40,44,1
M,112,91180,10,13.55999994,40,44,1
M,113,86293,6,9.259999871,40,44,1
M,100,101410,12,17.94000006,45,49,1
M,102,134245,18,25.75000024,45,49,1
M,104,125650,20,30.08000076,45,49,1
M,105,50406,5,7.26000011,45,49,1
M,107,121769,13,18.41999996,45,49,1
M,108,267106,34,50.5,45,49,1
M,109,365539,57,82.13999915,45,49,1
M,110,188758,25,36.60000038,45,49,1
M,112,108426,13,19.58000016,45,49,1
M,113,138525,9,13.65000045,45,49,1
M,114,150858,21,30.26000011,45,49,1
F,101,524306,81,113.6800029,30,34,1
F,102,104496,9,11.42999983,30,34,1
F,103,452519,68,99.52000237,30,34,1
F,104,442919,76,110.7800021,30,34,1
F,105,596831,86,120.8799992,30,34,1
F,106,173912,26,35.54000032,30,34,1
F,107,780967,86,119.6400018,30,34,1
F,108,132124,8,11.18999994,30,34,1
F,109,623137,100,138.9200006,30,34,1
F,110,99020,10,14.48000044,30,34,1
F,111,665817,117,163.8000002,30,34,1
F,112,699232,80,111.9899995,30,34,1
F,100,72982,11,15.04999995,35,39,1
F,101,975884,167,237.3199975,35,39,1
F,102,245607,33,47.87999952,35,39,1
F,106,485369,114,164.6400015,35,39,1
F,107,866355,139,200.8299961,35,39,1
F,108,502710,72,105.2199969,35,39,1
F,109,475184,88,127.3200028,35,39,1
F,110,357401,47,68.67000008,35,39,1
F,111,99810,14,20.05000019,35,39,1
F,112,81569,6,9.409999967,35,39,1
F,113,441192,53,77.59999979,35,39,1
F,114,90470,11,16.73000002,35,39,1
F,100,834243,166,246.7499975,40,44,1
F,101,696612,152,223.1899948,40,44,1
F,102,329333,48,67.60999918,40,44,1
F,103,1114711,224,319.0000019,40,44,1
F,104,267316,58,82.92999887,40,44,1
F,105,228629,38,57.0,40,44,1
F,106,758340,159,233.110002,40,44,1
F,107,877535,149,217.7799966,40,44,1
F,108,1357386,223,323.0600071,40,44,1
F,109,280240,61,87.99000168,40,44,1
F,110,419922,75,105.4500008,40,44,1
F,111,402975,83,120.8999977,40,44,1
F,112,1137635,211,301.0499992,40,44,1
F,114,250234,40,62.31999922,40,44,1
F,100,904907,195,279.219995,45,49,1
F,101,589270,107,158.0500023,45,49,1
F,102,168714,24,36.01000071,45,49,1
F,103,71982,11,16.34000051,45,49,1
F,104,558666,110,162.6399975,45,49,1
F,105,1118200,235,333.7499943,45,49,1
F,106,107100,23,33.71000051,45,49,1
F,107,877769,160,232.5900005,45,49,1
F,108,212508,33,47.69000006,45,49,1
F,109,1129773,252,358.189997,45,49,1
F,110,637549,120,173.8800035,45,49,1
F,111,151531,28,40.28999949,45,49,1
F,113,790253,135,198.7100005,45,49,1
F,114,513161,114,165.6099987,45,49,1
